,id,place,speedrun_link,submitted_date,primary_time_seconds,real_time_seconds,player_id,player_name,player_country,platform,verified
0,mk1x1wxy,1,http://www.speedrun.com/sm64/run/mk1x1wxy,2024-11-04T05:39:48Z,5728,5728,jn32931x,Suigi,Canada,N64,Yes
1,z00v01jz,2,http://www.speedrun.com/sm64/run/z00v01jz,2025-09-16T15:59:21Z,5730,5730,,,,N64,No
2,yv77ke4y,2,http://www.speedrun.com/sm64/run/yv77ke4y,2025-08-15T03:07:38Z,5730,5730,j2ylqn68,Karin,Japan,N64,Yes
3,yvx4o46z,4,http://www.speedrun.com/sm64/run/yvx4o46z,2024-07-07T17:33:13Z,5762,5762,kjprmwk8,Weegee,United States,N64,Yes
4,yv7jgrey,5,http://www.speedrun.com/sm64/run/yv7jgrey,2025-05-01T21:52:00Z,5793,5793,1xyd46wx,Kally,United States,N64,Yes
5,yj7ogody,6,http://www.speedrun.com/sm64/run/yj7ogody,2025-12-31T19:23:42Z,5796,5796,8wkzer38,Parsee02,Japan,N64,Yes
6,ydnp5jqm,7,http://www.speedrun.com/sm64/run/ydnp5jqm,2024-06-12T23:32:21Z,5804,5804,v814mkp8,cheese,Spain,N64,Yes
7,yv516qem,8,http://www.speedrun.com/sm64/run/yv516qem,2025-11-08T13:03:30Z,5806,5806,v81ddq38,Smau,Finland,N64,Yes
8,yd4107xy,9,http://www.speedrun.com/sm64/run/yd4107xy,2025-06-30T23:25:48Z,5807,5807,jo2mr9n8,marlene,,N64,Yes
9,yvxlr06z,10,http://www.speedrun.com/sm64/run/yvxlr06z,2024-09-29T17:44:24Z,5826,5826,zx77v7rx,simply,United States,N64,Yes
10,menw6l0m,11,http://www.speedrun.com/sm64/run/menw6l0m,2025-02-26T09:05:45Z,5827,5827,pj0zz298,BeastAssassin67,United States,N64,Yes
11,y2kedw7y,12,http://www.speedrun.com/sm64/run/y2kedw7y,2023-11-23T15:29:50Z,5837,5837,kj9yz0wx,Liam,United States,N64,Yes
12,mrxxrldm,13,http://www.speedrun.com/sm64/run/mrxxrldm,2024-10-06T18:08:39Z,5846,5846,48gev4rj,puncayshun,United States,N64,Yes
13,mkrooovz,14,http://www.speedrun.com/sm64/run/mkrooovz,2026-01-14T16:45:00Z,5858,5858,jmolpwo8,Raisn,Germany,EMU,Yes
14,z5kvqwdz,15,http://www.speedrun.com/sm64/run/z5kvqwdz,2023-11-13T15:12:15Z,5860,5860,kj9lkowj,batora,Japan,N64,Yes
15,zglxd1dm,16,http://www.speedrun.com/sm64/run/zglxd1dm,2024-03-21T19:42:58Z,5875,5875,dx35192j,Dezanig,Brazil,N64,Yes
16,mrdjx2gz,16,http://www.speedrun.com/sm64/run/mrdjx2gz,2025-04-23T01:50:46Z,5875,5875,8r7m4ldj,beeve,United States,N64,Yes
17,zqq6lg8z,18,http://www.speedrun.com/sm64/run/zqq6lg8z,2024-07-16T04:54:08Z,5901,5901,jm3lqln8,Mauir,Chile,EMU,Yes
18,mewvv6qm,19,http://www.speedrun.com/sm64/run/mewvv6qm,2024-02-12T11:54:55Z,5909,5909,kj92gmv8,Dowsky,United States,N64,Yes
19,y22v547y,20,http://www.speedrun.com/sm64/run/y22v547y,2024-03-20T11:39:31Z,5925,5925,7j40gpw8,tokumeiR,Antarctica,N64,Yes
20,mepjx8qy,21,http://www.speedrun.com/sm64/run/mepjx8qy,2025-11-21T21:17:47Z,5932,5932,j0n10kw8,jaquarium,United States,N64,Yes
21,ylx9nl2y,22,http://www.speedrun.com/sm64/run/ylx9nl2y,2024-07-14T06:13:12Z,5933,5933,e8e6edj0,GothicLogic,United Kingdom,N64,Yes
22,yj1660ny,23,http://www.speedrun.com/sm64/run/yj1660ny,2021-01-30T17:28:58Z,5934,5934,qxk45r6j,hokorobi,Japan,N64,Yes
23,m3rw82gm,23,http://www.speedrun.com/sm64/run/m3rw82gm,2021-06-26T23:42:27Z,5934,5934,zx76v0j7,Taggo,Sweden,N64,Yes
24,yj98g3nz,25,http://www.speedrun.com/sm64/run/yj98g3nz,2024-09-09T20:39:22Z,5938,5938,18q3zwqj,Dekudude,England,N64,Yes
25,yo6l0jjy,26,http://www.speedrun.com/sm64/run/yo6l0jjy,2021-09-24T14:00:24Z,5940,5940,98rp5e6j,Paracusia,Australia,N64,Yes
26,z0q6w0om,27,http://www.speedrun.com/sm64/run/z0q6w0om,2024-08-06T07:09:33Z,5942,5942,8v5253yj,taciturn,United States,EMU,Yes
27,yoo9q01y,28,http://www.speedrun.com/sm64/run/yoo9q01y,2023-10-19T19:03:35Z,5947,5947,zx7gnyx7,Dwhatever,Germany,N64,Yes
28,z0dqjvoy,29,http://www.speedrun.com/sm64/run/z0dqjvoy,2024-05-21T17:40:43Z,5949,5949,qj2w3rpj,BlueBob,Canada,N64,Yes
29,zn5r368z,30,http://www.speedrun.com/sm64/run/zn5r368z,2025-10-12T18:57:50Z,5951,5951,8lr0m1v8,Avatar,United States,N64,Yes
30,yj9ko9oz,31,http://www.speedrun.com/sm64/run/yj9ko9oz,2024-07-14T21:05:50Z,5959,5959,j51q9668,RianDiCielo,Panama,VC,Yes
31,y9ek9jez,31,http://www.speedrun.com/sm64/run/y9ek9jez,2025-07-19T17:38:00Z,5959,5959,xzld0398,ANYUJIN,Japan,N64,Yes
32,zxj8drky,33,http://www.speedrun.com/sm64/run/zxj8drky,2025-02-03T14:01:35Z,5961,5961,jo3v1n0j,Sabxander,Romania,N64,Yes
33,yv520xem,34,http://www.speedrun.com/sm64/run/yv520xem,2025-11-03T21:16:14Z,5962,5962,kjpqy9yx,Gainai,Germany,N64,Yes
34,me9gv8qz,35,http://www.speedrun.com/sm64/run/me9gv8qz,2021-03-10T04:46:11Z,5968,5968,1xyl49zj,Nebula,Australia,EMU,Yes
35,mr0eee8m,36,http://www.speedrun.com/sm64/run/mr0eee8m,2024-12-18T20:38:38Z,5971,5971,98rl4w38,HorrorDoesSpeedRuns,United States,N64,Yes
36,m7e2xp9z,37,http://www.speedrun.com/sm64/run/m7e2xp9z,2025-02-10T18:59:07Z,5984,5984,qjor2nj6,Odme_,United States,VC,Yes
37,y9e28w2z,38,http://www.speedrun.com/sm64/run/y9e28w2z,2025-05-05T05:17:30Z,5986,5986,j5vgqlw8,crazywhw,United States,N64,Yes
38,zgdl76vz,39,http://www.speedrun.com/sm64/run/zgdl76vz,2022-02-12T10:54:57Z,5991,5991,kjp9p28q,Sigotu,Poland,EMU,Yes
39,yvpqvdoy,39,http://www.speedrun.com/sm64/run/yvpqvdoy,2023-06-23T01:30:46Z,5991,5991,j03z503j,Taki,Canada,N64,Yes
40,z5glw7jm,41,http://www.speedrun.com/sm64/run/z5glw7jm,2024-10-15T02:00:08Z,5993,5993,qjn77418,sorichi,Japan,N64,Yes
41,m322jedy,41,http://www.speedrun.com/sm64/run/m322jedy,2026-01-25T05:52:51Z,5993,5993,qjonw238,EthanRTA,United States,N64,Yes
42,mkp3v5ly,43,http://www.speedrun.com/sm64/run/mkp3v5ly,2024-03-10T05:37:22Z,5994,5994,pj0l653j,FailmanFlo,Germany,N64,Yes
43,znqg927z,44,http://www.speedrun.com/sm64/run/znqg927z,2022-10-23T00:57:58Z,5997,5997,v815edqj,Terji,Faroe Islands,N64,Yes
44,mep0r58y,45,http://www.speedrun.com/sm64/run/mep0r58y,2025-12-30T00:23:24Z,6001,6001,48gqo07j,darkdog47,United States,N64,Yes
45,zxoron8z,46,http://www.speedrun.com/sm64/run/zxoron8z,2021-11-14T09:33:35Z,6003,6003,qxk3o980,nindiddeh,United States,N64,Yes
46,mkww1k5m,47,http://www.speedrun.com/sm64/run/mkww1k5m,2025-08-13T20:43:18Z,6004,6004,jpmk03yj,Zapy,Japan,N64,Yes
47,zn2pjd7z,48,http://www.speedrun.com/sm64/run/zn2pjd7z,2024-04-15T23:47:42Z,6020,6020,v8lgdovj,Drac,Brazil,N64,Yes
48,mk76r9vy,49,http://www.speedrun.com/sm64/run/mk76r9vy,2021-04-05T01:30:00Z,6021,6021,dx31lw78,RockChalk19,United States,N64,Yes
49,ywklo8py,50,http://www.speedrun.com/sm64/run/ywklo8py,2021-11-28T17:32:01Z,6025,6025,18q9317j,kagami,Japan,N64,Yes
50,z00vj18z,51,http://www.speedrun.com/sm64/run/z00vj18z,2025-09-15T01:06:27Z,6038,6038,8g2zm0rj,meephs,,N64,Yes
51,z0q19kem,52,http://www.speedrun.com/sm64/run/z0q19kem,2024-07-22T18:27:30Z,6039,6039,8e6vr17j,piegolds,Australia,EMU,Yes
52,znq5508z,53,http://www.speedrun.com/sm64/run/znq5508z,2022-10-30T11:34:48Z,6040,6040,pj0o24rj,Aleph64,Germany,VC,Yes
53,m7vn620m,53,http://www.speedrun.com/sm64/run/m7vn620m,2026-01-01T12:37:31Z,6040,6040,8q316z7j,dista,United States,N64,Yes
54,m756d39z,55,http://www.speedrun.com/sm64/run/m756d39z,2020-11-12T00:58:51Z,6043,6043,zxzpz50j,Fafel,Japan,N64,Yes
55,yvvdqd4y,56,http://www.speedrun.com/sm64/run/yvvdqd4y,2024-02-03T01:44:05Z,6046,6046,v816eo5x,Soda,,VC,Yes
56,y6jd8dpm,57,http://www.speedrun.com/sm64/run/y6jd8dpm,2025-06-10T04:14:38Z,6048,6048,xyreddzj,squimmie,United States,N64,Yes
57,mel2k72z,58,http://www.speedrun.com/sm64/run/mel2k72z,2023-08-03T18:58:44Z,6049,6049,xyrqdwmj,Zhilkan,Spain,EMU,Yes
58,y6jx420m,59,http://www.speedrun.com/sm64/run/y6jx420m,2025-07-05T02:02:32Z,6053,6053,pj0v59xw,Wilko,Germany,N64,Yes
59,y6j9pk0m,60,http://www.speedrun.com/sm64/run/y6j9pk0m,2025-06-12T09:19:13Z,6057,6057,jpm2m44j,happydude124,United States,EMU,Yes
60,y625xj1z,61,http://www.speedrun.com/sm64/run/y625xj1z,2023-05-23T09:52:28Z,6059,6059,18vkpkyj,KobrahCJ,United States,N64,Yes
61,m3wk0xqy,62,http://www.speedrun.com/sm64/run/m3wk0xqy,2025-02-22T21:28:39Z,6061,6061,xyrdnrnj,Chemus,Brazil,EMU,Yes
62,zp6qwonm,63,http://www.speedrun.com/sm64/run/zp6qwonm,2024-02-21T06:04:15Z,6062,6062,8d4ywn58,vitroncio,Brazil,N64,Yes
63,y68n55qz,64,http://www.speedrun.com/sm64/run/y68n55qz,2025-11-22T03:49:38Z,6063,6063,x7mo69vx,rig_,Canada,N64,Yes
64,yj9p0vnz,65,http://www.speedrun.com/sm64/run/yj9p0vnz,2024-09-02T04:57:46Z,6075,6075,5j5w6qnj,kryptic80,United States,N64,Yes
65,zpkpg3ny,66,http://www.speedrun.com/sm64/run/zpkpg3ny,2025-02-22T03:05:38Z,6076,6076,98r475gj,Blakeo2,England,N64,Yes
66,z0krjoom,67,http://www.speedrun.com/sm64/run/z0krjoom,2025-11-10T16:02:12Z,6087,6087,zx7nlkq8,bev_prune_,Australia,N64,Yes
67,zxq9oj8m,68,http://www.speedrun.com/sm64/run/zxq9oj8m,2024-02-14T19:02:55Z,6097,6097,qj2y1r68,JJsrl,United States,VC,Yes
68,mk5qk71m,69,http://www.speedrun.com/sm64/run/mk5qk71m,2021-10-04T11:55:08Z,6101,6101,18vk21yj,Tabascoth,Austria,N64,Yes
69,zp36e98m,70,http://www.speedrun.com/sm64/run/zp36e98m,2021-03-09T20:10:54Z,6103,6103,kjpqrr4x,Goldrush,Japan,N64,Yes
70,y6j4r11m,71,http://www.speedrun.com/sm64/run/y6j4r11m,2025-08-29T03:55:01Z,6105,6105,8r7412qj,Rynnoo,United States,N64,Yes
71,z1k0oo7y,72,http://www.speedrun.com/sm64/run/z1k0oo7y,2024-01-21T19:16:17Z,6109,6109,1xy1oozx,ringo792,United States,N64,Yes
72,yll80d3y,73,http://www.speedrun.com/sm64/run/yll80d3y,2024-02-01T09:13:30Z,6110,6110,0jmo9zn8,Redmoss,United States,N64,Yes
73,z0jqn4jy,74,http://www.speedrun.com/sm64/run/z0jqn4jy,2023-07-26T23:29:57Z,6114,6114,x353dr7j,Finnii602,Germany,VC,Yes
74,z0kl05em,75,http://www.speedrun.com/sm64/run/z0kl05em,2025-12-08T22:10:49Z,6115,6115,jm0wk0y8,Kayleee,Canada,N64,Yes
75,zg8ek7vy,75,http://www.speedrun.com/sm64/run/zg8ek7vy,2023-12-07T08:31:30Z,6115,6115,8geyo77j,Leysauce,United States,N64,Yes
76,z00gwk4z,77,http://www.speedrun.com/sm64/run/z00gwk4z,2025-09-03T01:16:18Z,6117,6117,xk4zke6j,ElDeve,Argentina,EMU,Yes
77,z0xvp5ez,78,http://www.speedrun.com/sm64/run/z0xvp5ez,2024-02-09T03:14:09Z,6119,6119,v8lem77x,Frost_Byte,United States,N64,Yes
78,z1qk139y,79,http://www.speedrun.com/sm64/run/z1qk139y,2023-02-21T03:49:51Z,6122,6122,kj9egwv8,Afrodafro,Norway,N64,Yes
79,ydookowz,80,http://www.speedrun.com/sm64/run/ydookowz,2026-01-26T17:20:41Z,6126,6126,jo1o36nx,noso,Australia,EMU,Yes
80,yje0lw7m,81,http://www.speedrun.com/sm64/run/yje0lw7m,2025-04-08T02:31:51Z,6127,6127,jp4q645j,GoodGrieth,,N64,Yes
81,6yj9rdzd,82,http://www.speedrun.com/sm64/run/6yj9rdzd,,6129,6129,pj02nmw8,nero_x2,Japan,N64,Yes
82,yvj908oy,83,http://www.speedrun.com/sm64/run/yvj908oy,2018-08-11T15:02:19Z,6130,6130,qjop4q3x,groovy31,Finland,N64,Yes
83,yl99de3y,84,http://www.speedrun.com/sm64/run/yl99de3y,2017-05-04T02:36:10Z,6133,6133,5j52e9qj,GUTOA,Japan,N64,Yes
84,zx722n5y,85,http://www.speedrun.com/sm64/run/zx722n5y,2022-04-27T03:54:06Z,6134,6134,v8lq4k7x,badroenis,United States,N64,Yes
85,yj3r6k7z,86,http://www.speedrun.com/sm64/run/yj3r6k7z,2020-02-12T11:57:28Z,6143,6143,5j5v2nz8,Shans,Australia,EMU,No
86,y2r55d7m,86,http://www.speedrun.com/sm64/run/y2r55d7m,2025-10-19T06:53:03Z,6143,6143,xz2z23ex,King_bay,Japan,N64,Yes
87,yvjrweoy,88,http://www.speedrun.com/sm64/run/yvjrweoy,2018-11-03T07:58:08Z,6144,6144,0jm7n3nj,phantaxx,United States,N64,Yes
88,y9v5v92m,88,http://www.speedrun.com/sm64/run/y9v5v92m,2022-04-22T21:39:52Z,6144,6144,y8d2v2mj,ChipGroove,United States,N64,Yes
89,y91ndn2m,90,http://www.speedrun.com/sm64/run/y91ndn2m,2020-10-22T14:39:22Z,6146,6146,0jml0zy8,akki,Japan,N64,Yes
90,emk5kgxm,91,http://www.speedrun.com/sm64/run/emk5kgxm,2015-12-07T00:13:54Z,6148,6148,zxzvprjq,toastrider91,Chad,N64,Yes
91,z5pdjrgm,92,http://www.speedrun.com/sm64/run/z5pdjrgm,2023-06-14T22:08:08Z,6153,6153,qxk4wo6j,saksdal,United States,N64,Yes
92,y8w5o2ny,92,http://www.speedrun.com/sm64/run/y8w5o2ny,2024-07-03T23:25:31Z,6153,6153,86nrm5qx,taylor3311,Japan,N64,Yes
93,zg61vj0m,94,http://www.speedrun.com/sm64/run/zg61vj0m,2025-08-23T00:47:55Z,6155,6155,8enge328,BenedictFleur123,Netherlands,EMU,Yes
94,zx4e5lky,95,http://www.speedrun.com/sm64/run/zx4e5lky,2019-05-12T05:10:26Z,6162,6162,kj9ylvx4,V1RO,Canada,N64,Yes
95,z5dqn9em,96,http://www.speedrun.com/sm64/run/z5dqn9em,2021-11-23T03:03:25Z,6166,6166,98r70w3j,Heisenburger,United States,N64,Yes
96,yvr5398z,97,http://www.speedrun.com/sm64/run/yvr5398z,2022-07-09T22:42:31Z,6172,6172,8rpp0egj,Bluth,United States,N64,No
97,m37g7q4z,98,http://www.speedrun.com/sm64/run/m37g7q4z,2021-08-18T20:40:07Z,6173,6173,dx3q74qj,chubby,Norway,N64,Yes
98,y4o941kz,99,http://www.speedrun.com/sm64/run/y4o941kz,2023-04-29T11:09:15Z,6175,6175,x359w0kj,mads_x3,Australia,N64,Yes
99,ydj66ljy,100,http://www.speedrun.com/sm64/run/ydj66ljy,2023-05-14T06:10:19Z,6181,6181,1xyw6wn8,markinator99,United States,N64,Yes
100,z5w9vogz,101,http://www.speedrun.com/sm64/run/z5w9vogz,2025-09-13T21:36:18Z,6182,6182,86nnlvqx,Banova8,France,N64,Yes
101,y9l7xxny,102,http://www.speedrun.com/sm64/run/y9l7xxny,2021-12-08T14:23:06Z,6194,6194,1xy05zjr,turara32767,Japan,N64,Yes
102,mr4jrggz,103,http://www.speedrun.com/sm64/run/mr4jrggz,2021-01-13T23:44:27Z,6196,6196,zxz97kn8,Drogie,Switzerland,N64,Yes
103,pm3wjwy0,104,http://www.speedrun.com/sm64/run/pm3wjwy0,,6202,6202,dx351yqj,siglemic,United States,VC,No
104,nz1e5l7y,105,http://www.speedrun.com/sm64/run/nz1e5l7y,2017-02-22T13:48:28Z,6203,6203,,,,N64,Yes
105,mr5v2x2y,105,http://www.speedrun.com/sm64/run/mr5v2x2y,2026-01-02T13:08:16Z,6203,6203,8voq1v2x,Autonachick,Japan,N64,Yes
106,y2dn2e7z,107,http://www.speedrun.com/sm64/run/y2dn2e7z,2020-12-18T08:13:58Z,6205,6205,qjnz771j,jane_dair,United States,N64,Yes
107,zqqg4orz,108,http://www.speedrun.com/sm64/run/zqqg4orz,2024-08-07T11:48:28Z,6206,6206,,,,N64,Yes
108,y8px07dz,109,http://www.speedrun.com/sm64/run/y8px07dz,2024-09-05T06:35:04Z,6207,6207,dx35yzej,TriforceTK,United States,N64,Yes
109,mkw975lm,109,http://www.speedrun.com/sm64/run/mkw975lm,2025-05-03T09:26:13Z,6207,6207,pj0vn53x,Apeduden,Norway,N64,Yes
110,yvqnqw4m,111,http://www.speedrun.com/sm64/run/yvqnqw4m,2022-02-23T23:42:12Z,6208,6208,8gr94w1x,tomkabs,Canada,N64,Yes
111,zq3nkk8y,112,http://www.speedrun.com/sm64/run/zq3nkk8y,2019-03-17T03:04:04Z,6210,6210,,,,N64,Yes
112,y8kenrdy,112,http://www.speedrun.com/sm64/run/y8kenrdy,2023-11-04T18:47:04Z,6210,6210,qjo3kk7j,Fuff,Canada,N64,Yes
113,y8g6njxz,114,http://www.speedrun.com/sm64/run/y8g6njxz,2025-07-16T16:54:31Z,6211,6211,pj0zm38w,Geenix,United States,N64,Yes
114,z15wpdwy,115,http://www.speedrun.com/sm64/run/z15wpdwy,2020-08-31T22:05:01Z,6212,6212,o86nzl0x,Xoofey,United States,N64,Yes
115,y602kr0y,115,http://www.speedrun.com/sm64/run/y602kr0y,2022-06-17T08:25:19Z,6212,6212,kjpoery8,Falcon,Canada,N64,Yes
116,z1653v9m,115,http://www.speedrun.com/sm64/run/z1653v9m,2025-05-16T00:22:12Z,6212,6212,jo30mmnj,FelizAvis,United States,N64,Yes
117,dy4jlnyl,118,http://www.speedrun.com/sm64/run/dy4jlnyl,2024-05-04T08:44:56Z,6217,6217,pj0e6nm8,Issey,Brazil,VC,No
118,zg63w4dm,119,http://www.speedrun.com/sm64/run/zg63w4dm,2025-04-20T04:28:05Z,6222,6222,j2w1w5lj,RONC3NA,United States,N64,Yes
119,emk4np5y,120,http://www.speedrun.com/sm64/run/emk4np5y,2015-01-28T18:51:49Z,6227,6227,qjo2pq38,Haliinen,Sweden,N64,Yes
120,y8wgq91y,120,http://www.speedrun.com/sm64/run/y8wgq91y,2024-05-30T13:50:01Z,6227,6227,qxk241kx,Heyzeus,United States,N64,Yes
121,ylpgo3rm,122,http://www.speedrun.com/sm64/run/ylpgo3rm,2025-04-14T18:08:47Z,6228,6228,8e6k1loj,Phoenix,Australia,N64,Yes
122,z1x23o7m,123,http://www.speedrun.com/sm64/run/z1x23o7m,2021-09-04T17:35:29Z,6232,6232,qjoe6e86,Widdit,United States,N64,Yes
123,y287qvwy,123,http://www.speedrun.com/sm64/run/y287qvwy,2025-06-12T03:40:36Z,6232,6232,j4rg3z58,CheesyLeech,United States,N64,No
124,1zq2q5zl,125,http://www.speedrun.com/sm64/run/1zq2q5zl,,6233,6233,dx39wqxl,CpKaka,Sweden,VC,Yes
125,7z0q909m,126,http://www.speedrun.com/sm64/run/7z0q909m,2016-09-14T22:27:15Z,6235,6235,48gryyxp,Flippy_o,Denmark,N64,Yes
126,z0qdjxem,126,http://www.speedrun.com/sm64/run/z0qdjxem,2024-09-30T16:52:36Z,6235,6235,5j52dgqj,lunarjump,United States,N64,Yes
127,y6gn6j6m,128,http://www.speedrun.com/sm64/run/y6gn6j6m,2025-01-23T17:41:26Z,6238,6238,8ek14278,Zinsch,Denmark,EMU,Yes
128,pydqn8xm,129,http://www.speedrun.com/sm64/run/pydqn8xm,2015-01-07T22:46:28Z,6240,6240,,,,N64,Yes
129,mepoe70y,130,http://www.speedrun.com/sm64/run/mepoe70y,2025-10-21T12:45:00Z,6245,6245,x3q4rqqj,52koney,Japan,N64,Yes
130,me9gp99z,131,http://www.speedrun.com/sm64/run/me9gp99z,2021-03-13T10:01:17Z,6248,6248,0jm36qe8,Xein64,Germany,N64,Yes
131,zx39w3kz,131,http://www.speedrun.com/sm64/run/zx39w3kz,2023-04-27T14:37:39Z,6248,6248,kjpqyw0x,Gerbiez,Canada,N64,Yes
132,zgj3ogvz,133,http://www.speedrun.com/sm64/run/zgj3ogvz,2024-12-01T13:41:13Z,6253,6253,86nqn6wx,Susano130,Japan,N64,Yes
133,y81kr2xz,134,http://www.speedrun.com/sm64/run/y81kr2xz,2019-11-29T19:45:30Z,6256,6256,kj9vd9ox,JMill,United States,EMU,Yes
134,ywnr962y,135,http://www.speedrun.com/sm64/run/ywnr962y,2023-12-13T20:49:44Z,6260,6260,98ryllqj,Fizz,United States,VC,Yes
135,z1njgnry,136,http://www.speedrun.com/sm64/run/z1njgnry,2024-07-23T23:06:02Z,6262,6262,kj9z6pn8,Sunnard,France,EMU,Yes
136,y28o016y,137,http://www.speedrun.com/sm64/run/y28o016y,2025-09-05T13:45:45Z,6265,6265,qxkrpqm8,Dackage,United States,EMU,Yes
137,mk3p87lz,138,http://www.speedrun.com/sm64/run/mk3p87lz,2020-07-10T15:49:00Z,6268,6268,v81q6w3j,bebopbandit,United States,N64,Yes
138,z5oo8pgy,139,http://www.speedrun.com/sm64/run/z5oo8pgy,2017-05-04T08:26:00Z,6269,6269,,,,N64,Yes
139,zq5wo9xz,140,http://www.speedrun.com/sm64/run/zq5wo9xz,2025-10-24T11:12:25Z,6272,6272,j0nv6wm8,shikibi_hiiro,Japan,N64,Yes
140,zg90v2jm,141,http://www.speedrun.com/sm64/run/zg90v2jm,2026-02-02T01:11:43Z,6274,6274,8lpgwllj,Vadien,United States,N64,Yes
141,y6e3oo0z,142,http://www.speedrun.com/sm64/run/y6e3oo0z,2024-07-08T19:18:11Z,6280,6280,1xyprdvx,packerzilla,United States,N64,Yes
142,y6g848pm,142,http://www.speedrun.com/sm64/run/y6g848pm,2025-03-25T13:34:53Z,6280,6280,xko59n68,FleetingAzure,United States,N64,Yes
143,y9prnenm,144,http://www.speedrun.com/sm64/run/y9prnenm,2025-04-08T19:02:28Z,6282,6282,816nqwqx,Zaikenator,United States,N64,Yes
144,y27e2p6z,145,http://www.speedrun.com/sm64/run/y27e2p6z,2021-09-18T23:59:49Z,6283,6283,x35r767j,Schnoz64,United States,N64,Yes
145,z0p145ey,145,http://www.speedrun.com/sm64/run/z0p145ey,2022-04-25T08:14:18Z,6283,6283,qxkvqp2j,PKT_S,France,N64,Yes
146,dy41lqny,147,http://www.speedrun.com/sm64/run/dy41lqny,2015-04-18T05:23:37Z,6285,6285,qxkovg98,gohanie,Japan,N64,Yes
147,zpq09dgy,147,http://www.speedrun.com/sm64/run/zpq09dgy,2017-05-20T11:05:15Z,6285,6285,68wwn48g,Mitagi,Japan,N64,Yes
148,mko9l9lz,149,http://www.speedrun.com/sm64/run/mko9l9lz,2024-12-11T02:29:49Z,6287,6287,xz27v1nx,NewmanBeatbox,United States,EMU,Yes
149,yoe6gn0z,149,http://www.speedrun.com/sm64/run/yoe6gn0z,2025-06-17T06:52:56Z,6287,6287,xzlq0er8,ricefarm41,United States,EMU,Yes
150,y9j4gxvm,151,http://www.speedrun.com/sm64/run/y9j4gxvm,2024-07-04T17:36:17Z,6288,6288,v810d5rx,SubmarineCpt,United States,EMU,Yes
151,yold677y,152,http://www.speedrun.com/sm64/run/yold677y,2023-02-05T16:05:12Z,6289,6289,xz79p1nj,tanepota,Japan,N64,Yes
152,oy2w65yd,153,http://www.speedrun.com/sm64/run/oy2w65yd,,6291,6291,,,,N64,Yes
153,0y670q6m,154,http://www.speedrun.com/sm64/run/0y670q6m,2014-12-24T07:05:00Z,6296,6296,18ql07jn,luke994,England,N64,No
154,mr5lv52y,155,http://www.speedrun.com/sm64/run/mr5lv52y,2025-12-21T21:40:58Z,6297,6297,8v57kgvj,GrievousD2,Canada,N64,Yes
155,ydow46jz,156,http://www.speedrun.com/sm64/run/ydow46jz,2025-11-25T21:01:42Z,6300,6300,,,,N64,Yes
156,z0pl33ey,157,http://www.speedrun.com/sm64/run/z0pl33ey,2022-06-02T12:13:57Z,6306,6306,j26d1ynx,nidamario,Japan,N64,No
157,y422jeqm,158,http://www.speedrun.com/sm64/run/y422jeqm,2021-02-04T03:54:41Z,6309,6309,pj06y3jw,Butterlord,Canada,N64,Yes
158,m3xpl9wm,159,http://www.speedrun.com/sm64/run/m3xpl9wm,2022-11-17T09:36:15Z,6310,6310,qjo1ovnx,FireGoesFast,Australia,VC,Yes
159,z5g0j1dm,160,http://www.speedrun.com/sm64/run/z5g0j1dm,2024-08-06T23:50:57Z,6316,6316,98rky4qx,BigCheese,United States,VC,Yes
160,zpq1onny,161,http://www.speedrun.com/sm64/run/zpq1onny,2017-08-27T21:54:38Z,6317,6317,18q3r20j,Animazism,Wales,N64,Yes
161,yvgg194y,162,http://www.speedrun.com/sm64/run/yvgg194y,2017-04-27T00:25:12Z,6318,6318,y8dw9zgj,Alkobakknarko,Norway,N64,Yes
162,mrvp0j4z,163,http://www.speedrun.com/sm64/run/mrvp0j4z,2024-06-22T04:28:31Z,6326,6326,8rpwpnqj,inferno676,United States,N64,Yes
163,mr5d3w2y,163,http://www.speedrun.com/sm64/run/mr5d3w2y,2026-01-21T04:07:15Z,6326,6326,8w12vnqx,LowAppeal,United States,N64,Yes
164,7ylx2nyp,165,http://www.speedrun.com/sm64/run/7ylx2nyp,,6327,6327,y8dg7l86,Noizeeh,Sweden,N64,Yes
165,y81ejkxz,166,http://www.speedrun.com/sm64/run/y81ejkxz,2019-09-01T09:01:26Z,6328,6328,0jmvmzj1,protoman5,United States,N64,Yes
166,y8j93qnz,167,http://www.speedrun.com/sm64/run/y8j93qnz,2021-12-11T16:37:57Z,6329,6329,98r5d3wx,dinkyslinky,Norway,N64,Yes
167,zxxkx3kz,167,http://www.speedrun.com/sm64/run/zxxkx3kz,2024-07-24T23:57:27Z,6329,6329,y8dz54gj,Maosfx,United States,N64,Yes
168,z57l00dm,169,http://www.speedrun.com/sm64/run/z57l00dm,2020-01-10T22:59:47Z,6331,6331,qj25v3lj,m_vitor,Brazil,N64,Yes
169,ywd43kpz,169,http://www.speedrun.com/sm64/run/ywd43kpz,2020-09-29T18:40:47Z,6331,6331,qj2eenjk,Darrow25,Québec,VC,Yes
170,zp5o0vry,171,http://www.speedrun.com/sm64/run/zp5o0vry,2026-01-16T17:53:50Z,6332,6332,zx7dz1vx,AlejoWasHere,Spain,EMU,Yes
171,z5edp95z,172,http://www.speedrun.com/sm64/run/z5edp95z,2023-01-21T05:19:30Z,6334,6334,zxzl7508,Seba54,Chile,EMU,Yes
172,z1o1glgm,173,http://www.speedrun.com/sm64/run/z1o1glgm,2020-09-22T05:04:17Z,6337,6337,7j41p5j1,SuperViperT302,United States,N64,Yes
173,mrnl8gdy,174,http://www.speedrun.com/sm64/run/mrnl8gdy,2021-09-26T20:39:50Z,6338,6338,kj9pq2ox,bromario28,United States,N64,Yes
174,ywpljg0z,175,http://www.speedrun.com/sm64/run/ywpljg0z,2019-05-06T05:51:07Z,6339,6339,o862d3xz,Biinny,England,N64,Yes
175,y8ngnw5y,176,http://www.speedrun.com/sm64/run/y8ngnw5y,2026-01-20T05:17:38Z,6340,6340,xyl4ynzj,imchach,United States,EMU,Yes
176,mep0pg8y,177,http://www.speedrun.com/sm64/run/mep0pg8y,2025-12-29T00:33:44Z,6342,6342,j20qnrlx,MrFroggy,United States,N64,Yes
177,y2jp919z,178,http://www.speedrun.com/sm64/run/y2jp919z,2023-01-29T07:21:11Z,6349,6349,8ge2ee2j,incha4416,,N64,Yes
178,8yvxeozo,179,http://www.speedrun.com/sm64/run/8yvxeozo,,6352,6352,,,,N64,No
179,m7vjxpwm,180,http://www.speedrun.com/sm64/run/m7vjxpwm,2026-01-29T04:38:55Z,6353,6353,x76047vj,PhoenixSixtyFour,United States,N64,Yes
180,ywg0700z,181,http://www.speedrun.com/sm64/run/ywg0700z,2024-03-24T17:57:56Z,6354,6354,8g5772rj,Semaa,Bosnia and Herzegovina,EMU,Yes
181,ywk2xe9y,182,http://www.speedrun.com/sm64/run/ywk2xe9y,2021-10-30T04:33:22Z,6356,6356,48g0d97x,laty_,United States,N64,Yes
182,y629wgjz,183,http://www.speedrun.com/sm64/run/y629wgjz,2023-06-18T19:32:51Z,6357,6357,jmpp51ej,amsixx,Spain,EMU,Yes
183,m7qqg74z,184,http://www.speedrun.com/sm64/run/m7qqg74z,2019-06-26T10:45:08Z,6358,6358,qj2pngn8,Beuca,United States,N64,Yes
184,y98e262z,184,http://www.speedrun.com/sm64/run/y98e262z,2023-08-03T23:36:31Z,6358,6358,e8ezrq68,Yale,United States,N64,Yes
185,zgngqj0y,186,http://www.speedrun.com/sm64/run/zgngqj0y,2017-08-22T18:47:52Z,6359,6359,,,,N64,Yes
186,ydov4qvz,186,http://www.speedrun.com/sm64/run/ydov4qvz,2026-01-14T18:39:44Z,6359,6359,j92p9yr8,jacobo,United States,EMU,Yes
187,m3l9v26m,188,http://www.speedrun.com/sm64/run/m3l9v26m,2022-11-30T16:12:27Z,6360,6360,jo3r970j,Elva,Japan,N64,Yes
188,y406nkkz,189,http://www.speedrun.com/sm64/run/y406nkkz,2026-01-03T09:41:13Z,6361,6361,zx7yqrx7,Voodle,United States,N64,Yes
189,zpojdwxm,190,http://www.speedrun.com/sm64/run/zpojdwxm,2025-09-06T07:01:14Z,6364,6364,68wg36qx,ded_lej,North Korea,N64,Yes
190,m3r9j8wm,191,http://www.speedrun.com/sm64/run/m3r9j8wm,2021-04-12T07:25:37Z,6367,6367,68w040qj,Creator_Destroyer,United States,N64,Yes
191,z13jp5gm,192,http://www.speedrun.com/sm64/run/z13jp5gm,2017-06-09T07:15:40Z,6368,6368,kjp6pz58,Gana64,Japan,N64,Yes
192,yvg5v18y,192,http://www.speedrun.com/sm64/run/yvg5v18y,2018-03-13T05:19:13Z,6368,6368,kj95gwo8,arwyMilo,Canada,N64,No
193,y9vgnqkm,194,http://www.speedrun.com/sm64/run/y9vgnqkm,2022-07-15T00:36:03Z,6369,6369,8rpv21dj,ZeusSM64,New Zealand,EMU,No
194,z0p45eoy,195,http://www.speedrun.com/sm64/run/z0p45eoy,2022-07-18T19:45:25Z,6376,6376,1xy5r7w8,ClintStevens,United States,N64,Yes
195,yd65wgvz,196,http://www.speedrun.com/sm64/run/yd65wgvz,2019-07-12T02:41:40Z,6377,6377,zxzn5rex,josiee,United States,EMU,Yes
196,zxvg0oqy,197,http://www.speedrun.com/sm64/run/zxvg0oqy,2017-08-28T03:13:12Z,6379,6379,18vpmn8l,ZDeztroyerz,,N64,Yes
197,znv0e09m,197,http://www.speedrun.com/sm64/run/znv0e09m,2023-06-17T09:33:56Z,6379,6379,5j5097nx,ErikaSunrose,Sweden,EMU,Yes
198,mkgv28xy,199,http://www.speedrun.com/sm64/run/mkgv28xy,2021-06-03T16:35:00Z,6380,6380,qjo9ypnj,OkamiBW,United States,VC,Yes
199,y6q4qo6z,200,http://www.speedrun.com/sm64/run/y6q4qo6z,2024-01-29T04:35:56Z,6381,6381,v8159vlj,collins_vg,United States,N64,Yes
200,ylnre02z,201,http://www.speedrun.com/sm64/run/ylnre02z,2023-01-20T00:56:59Z,6384,6384,xk4g0m9j,Dezod,United States,N64,Yes
201,zg266gny,202,http://www.speedrun.com/sm64/run/zg266gny,2023-03-20T14:52:55Z,6386,6386,8qz5n7q8,Gravydos,United States,N64,Yes
202,zx7w3pky,203,http://www.speedrun.com/sm64/run/zx7w3pky,2022-06-20T05:39:18Z,6393,6393,zx7gkrx7,alaris,United States,N64,No
203,mrxp79dm,203,http://www.speedrun.com/sm64/run/mrxp79dm,2024-11-09T15:07:14Z,6393,6393,xkpgw42j,spiny07,France,EMU,Yes
204,mrl1lk8m,205,http://www.speedrun.com/sm64/run/mrl1lk8m,2023-06-11T09:16:43Z,6399,6399,8g5y277j,ReallyBadDK,United States,N64,Yes
205,mk18r4vy,205,http://www.speedrun.com/sm64/run/mk18r4vy,2024-08-04T22:20:06Z,6399,6399,8w139m3x,oatslice,Australia,N64,Yes
206,z5wvlejz,207,http://www.speedrun.com/sm64/run/z5wvlejz,2025-06-22T13:42:54Z,6402,6402,xzlelze8,xWicko,Australia,N64,Yes
207,y9e47qkz,208,http://www.speedrun.com/sm64/run/y9e47qkz,2025-09-11T05:25:05Z,6404,6404,xko6o278,Seceon,Chile,N64,Yes
208,pzgo1em2,209,http://www.speedrun.com/sm64/run/pzgo1em2,,6411,6411,18vmme8l,pobo,United States,N64,Yes
209,ywg0gw9z,210,http://www.speedrun.com/sm64/run/ywg0gw9z,2024-03-23T12:46:22Z,6412,6412,qjnw4rdj,CapruSin,United States,EMU,Yes
210,zg65pkvm,210,http://www.speedrun.com/sm64/run/zg65pkvm,2025-09-05T19:56:50Z,6412,6412,j0vkm73x,druz,United States,EMU,Yes
211,ydg2j4vy,212,http://www.speedrun.com/sm64/run/ydg2j4vy,2023-02-24T01:01:53Z,6413,6413,zxzn3w9x,spener1122,Canada,N64,Yes
212,zn702v8m,213,http://www.speedrun.com/sm64/run/zn702v8m,2022-01-12T18:13:34Z,6414,6414,8geo5gpj,Unknown1470,United States,EMU,Yes
213,zx2e5k5m,214,http://www.speedrun.com/sm64/run/zx2e5k5m,2020-09-03T11:50:34Z,6416,6416,kj93d27j,watapachi67,Japan,N64,Yes
214,yv7wpkxy,214,http://www.speedrun.com/sm64/run/yv7wpkxy,2025-09-15T06:48:52Z,6416,6416,8rm20ewj,FlamingFishsticks,United States,EMU,Yes
215,me29180m,216,http://www.speedrun.com/sm64/run/me29180m,2025-06-01T00:04:42Z,6418,6418,5j5qzewj,Keubab,France,N64,Yes
216,zp60lvgm,217,http://www.speedrun.com/sm64/run/zp60lvgm,2024-02-25T01:38:52Z,6419,6419,86v9945j,Tit0MEX_64,Mexico,EMU,Yes
217,y258d37y,218,http://www.speedrun.com/sm64/run/y258d37y,2020-07-29T17:02:04Z,6422,6422,kj9z6w84,Fuzzyness,England,N64,Yes
218,9mel5p2z,219,http://www.speedrun.com/sm64/run/9mel5p2z,2016-07-01T05:04:25Z,6424,6424,68w134xg,trevor107,Canada,N64,Yes
219,7yl8nq3z,219,http://www.speedrun.com/sm64/run/7yl8nq3z,2017-02-28T04:55:27Z,6424,6424,v8lz34xm,Shy,Finland,N64,Yes
220,y2pp6q5z,221,http://www.speedrun.com/sm64/run/y2pp6q5z,2022-06-01T04:36:08Z,6427,6427,zx7zw1r8,egaSyeliR,United States,N64,Yes
221,yjp04gny,222,http://www.speedrun.com/sm64/run/yjp04gny,2022-07-22T06:11:34Z,6435,6435,x354692j,manxmud,United States,N64,Yes
222,wzpxvxmq,223,http://www.speedrun.com/sm64/run/wzpxvxmq,,6436,6436,,,,N64,No
223,yox3x47y,224,http://www.speedrun.com/sm64/run/yox3x47y,2024-08-04T08:42:36Z,6437,6437,zxz67wn8,AJLane,United States,N64,Yes
224,y2rjrwjm,225,http://www.speedrun.com/sm64/run/y2rjrwjm,2025-12-16T15:22:27Z,6445,6445,8eewvpp8,sazan,Japan,VC,Yes
225,y48n92qm,226,http://www.speedrun.com/sm64/run/y48n92qm,2022-02-27T06:29:43Z,6446,6446,v819rrxp,Marco,France,N64,Yes
226,z18wn57y,227,http://www.speedrun.com/sm64/run/z18wn57y,2021-04-08T12:46:12Z,6447,6447,5j594e6x,peta,Japan,N64,Yes
227,zx8k855m,228,http://www.speedrun.com/sm64/run/zx8k855m,2022-08-10T01:41:45Z,6451,6451,zx7qg1y8,Muimania,Germany,EMU,Yes
228,yoeexo7z,229,http://www.speedrun.com/sm64/run/yoeexo7z,2025-08-13T21:31:04Z,6453,6453,0jmw6wex,Bombs,United States,N64,Yes
229,z0kjekom,230,http://www.speedrun.com/sm64/run/z0kjekom,2025-12-18T13:22:35Z,6458,6458,j5vzy0n8,Lemoniau,United States,N64,Yes
230,y8jrq5nz,231,http://www.speedrun.com/sm64/run/y8jrq5nz,2021-12-27T16:43:51Z,6460,6460,qxkmn26j,popesquidward,United States,N64,Yes
231,m3ql0lwy,232,http://www.speedrun.com/sm64/run/m3ql0lwy,2023-07-08T10:54:02Z,6461,6461,zx73n50j,JDee,Canada,N64,Yes
232,z5kd6wez,233,http://www.speedrun.com/sm64/run/z5kd6wez,2023-11-04T22:15:51Z,6462,6462,qj2yvm78,pete,United States,N64,Yes
233,me44vv3y,234,http://www.speedrun.com/sm64/run/me44vv3y,2021-08-31T07:31:46Z,6463,6463,kjpmy0jq,ThatDrunkenDwarf,England,N64,Yes
234,zn40rn3m,235,http://www.speedrun.com/sm64/run/zn40rn3m,2018-09-19T20:56:07Z,6466,6466,,,,N64,Yes
235,yvjk606y,235,http://www.speedrun.com/sm64/run/yvjk606y,2019-04-04T15:54:34Z,6466,6466,1xy5vzy8,m0m0,,N64,Yes
236,zx7n4v5y,235,http://www.speedrun.com/sm64/run/zx7n4v5y,2022-06-07T07:24:25Z,6466,6466,18vkpmej,Menstilo,Germany,EMU,Yes
237,zx3ql3ez,238,http://www.speedrun.com/sm64/run/zx3ql3ez,2023-07-21T17:26:40Z,6471,6471,j2636gox,smc_,Scotland,N64,Yes
238,m3j58dqz,238,http://www.speedrun.com/sm64/run/m3j58dqz,2024-07-30T22:04:39Z,6471,6471,8lr5gl78,Majora_AG,Norway,EMU,Yes
239,9yox80yx,240,http://www.speedrun.com/sm64/run/9yox80yx,,6472,6472,y8d4po86,Toufool,United States,N64,Yes
240,z5ljd8ey,241,http://www.speedrun.com/sm64/run/z5ljd8ey,2024-12-26T13:47:25Z,6473,6473,zxzqlnrx,Cysse,France,EMU,Yes
241,zqgp125m,242,http://www.speedrun.com/sm64/run/zqgp125m,2021-03-19T11:21:06Z,6478,6478,zxze2zex,Flixer,United States,N64,Yes
242,zqj7gdrm,242,http://www.speedrun.com/sm64/run/zqj7gdrm,2023-06-26T13:37:50Z,6478,6478,8dw231lj,Snepy,Chile,N64,Yes
243,mrq8w74y,244,http://www.speedrun.com/sm64/run/mrq8w74y,2017-05-29T04:37:41Z,6481,6481,y8dwdegj,hellool,United States,N64,Yes
244,y8jrjndz,245,http://www.speedrun.com/sm64/run/y8jrjndz,2021-12-29T06:07:28Z,6483,6483,48gkmp2j,mercredi,Canada,N64,Yes
245,zq83498z,245,http://www.speedrun.com/sm64/run/zq83498z,2024-02-25T00:58:02Z,6483,6483,j4232gmx,VonJim,Québec,N64,Yes
246,yd416qqy,245,http://www.speedrun.com/sm64/run/yd416qqy,2025-06-30T06:32:10Z,6483,6483,x3p4pyk8,NathanCarter,United States,VC,Yes
247,emkj81ly,248,http://www.speedrun.com/sm64/run/emkj81ly,2017-03-14T05:07:54Z,6491,6491,68wegq8g,Custom,Canada,N64,Yes
248,y2ppkw9z,249,http://www.speedrun.com/sm64/run/y2ppkw9z,2022-05-30T22:38:39Z,6494,6494,qjok7l78,TwitchName,United States,N64,Yes
249,mepn8l2y,250,http://www.speedrun.com/sm64/run/mepn8l2y,2026-01-10T19:29:28Z,6499,6499,xyqe9ly8,BryceIsRight64,United States,N64,Yes
250,yo4gd91m,251,http://www.speedrun.com/sm64/run/yo4gd91m,2018-04-09T17:34:02Z,6500,6500,kjppl92j,quiilucru,,N64,Yes
251,zn226qlz,251,http://www.speedrun.com/sm64/run/zn226qlz,2024-05-17T10:10:56Z,6500,6500,18qrd50j,wermi,Poland,N64,Yes
252,yjek9knm,253,http://www.speedrun.com/sm64/run/yjek9knm,2024-12-08T19:02:03Z,6501,6501,8r7eqr6j,Itz_Me_Coreyyy,United States,N64,Yes
253,wzp3o3rm,254,http://www.speedrun.com/sm64/run/wzp3o3rm,2015-09-09T18:03:15Z,6505,6505,48gem41j,igreil,United States,N64,Yes
254,y4gkr9ky,255,http://www.speedrun.com/sm64/run/y4gkr9ky,2023-02-22T07:07:20Z,6508,6508,xkm3lk7j,Nonag,Germany,EMU,Yes
255,yd18k1jy,256,http://www.speedrun.com/sm64/run/yd18k1jy,2022-08-01T00:38:22Z,6509,6509,8v55qvej,Lucinovic,Netherlands,N64,Yes
256,yv7kdgoy,257,http://www.speedrun.com/sm64/run/yv7kdgoy,2025-09-02T06:30:00Z,6510,6510,jmzm5yyx,ClifforddTBRD,,EMU,Yes
257,zxxr2rqz,258,http://www.speedrun.com/sm64/run/zxxr2rqz,2024-11-08T00:29:03Z,6514,6514,j9v2rgox,EcCuardo,Peru,EMU,Yes
258,z08r1qem,259,http://www.speedrun.com/sm64/run/z08r1qem,2025-01-11T09:19:15Z,6518,6518,8qrrp27j,TedFeds,United States,EMU,Yes
259,zpkk9qny,260,http://www.speedrun.com/sm64/run/zpkk9qny,2025-03-10T07:21:34Z,6523,6523,8dw9onoj,JoeyBagODonuts,United States,EMU,Yes
260,zp2406xy,261,http://www.speedrun.com/sm64/run/zp2406xy,2021-12-18T12:10:45Z,6525,6525,18qowewj,Majoog,South Korea,EMU,Yes
261,yv8vnkom,261,http://www.speedrun.com/sm64/run/yv8vnkom,2023-02-25T03:00:06Z,6525,6525,8wlk4n4j,Kaimatix,England,N64,Yes
262,zqplp18m,261,http://www.speedrun.com/sm64/run/zqplp18m,2025-09-08T06:58:23Z,6525,6525,j51r39z8,P_Luizon,Mexico,N64,Yes
263,yv5n9r6m,264,http://www.speedrun.com/sm64/run/yv5n9r6m,2026-01-11T11:42:38Z,6529,6529,8voz5nnx,Alurnite,Canada,N64,Yes
264,y62w2q0z,265,http://www.speedrun.com/sm64/run/y62w2q0z,2023-08-17T02:05:31Z,6531,6531,qj2pr078,roddy,Brazil,EMU,Yes
265,zqp8ol5m,266,http://www.speedrun.com/sm64/run/zqp8ol5m,2025-07-28T05:07:16Z,6532,6532,68wp5qvx,geek,Germany,N64,Yes
266,y8glk1nz,266,http://www.speedrun.com/sm64/run/y8glk1nz,2025-08-25T00:40:49Z,6532,6532,86nk3mpx,YogoC,United States,N64,Yes
267,emk1xxy6,268,http://www.speedrun.com/sm64/run/emk1xxy6,,6538,6538,,,,N64,No
268,z1kdkwry,269,http://www.speedrun.com/sm64/run/z1kdkwry,2023-09-09T13:20:23Z,6543,6543,8vkn1mnj,madware,Chile,N64,Yes
269,7z08q4m5,270,http://www.speedrun.com/sm64/run/7z08q4m5,,6544,6544,e8eepzo8,alextolio,Greece,VC,No
270,zpp54rxz,271,http://www.speedrun.com/sm64/run/zpp54rxz,2024-01-15T04:35:49Z,6548,6548,j519wqn8,Rodillo,Spain,VC,Yes
271,z5oogpgy,272,http://www.speedrun.com/sm64/run/z5oogpgy,2017-05-05T09:17:29Z,6549,6549,98r2l63x,MrSpeedrun,Germany,N64,No
272,y69ewvpy,273,http://www.speedrun.com/sm64/run/y69ewvpy,2021-10-19T01:16:27Z,6551,6551,1xyky4n8,thags15,United States,N64,Yes
273,z1v639jz,274,http://www.speedrun.com/sm64/run/z1v639jz,2025-03-14T18:47:08Z,6555,6555,xkmnnmmj,ZUMMI,Italy,EMU,Yes
274,mk2pw2vm,275,http://www.speedrun.com/sm64/run/mk2pw2vm,2019-12-22T17:48:40Z,6557,6557,7j47lplj,dumpdome64,United States,EMU,Yes
275,yldodj3m,276,http://www.speedrun.com/sm64/run/yldodj3m,2024-03-23T12:47:52Z,6561,6561,81qg7ylj,ZachTunes,United States,N64,Yes
276,z5w9vv5z,276,http://www.speedrun.com/sm64/run/z5w9vv5z,2025-09-13T23:40:41Z,6561,6561,864vnd5j,Louis64,Germany,N64,Yes
277,mkp9ewvy,278,http://www.speedrun.com/sm64/run/mkp9ewvy,2024-02-25T21:54:11Z,6563,6563,xylw0wmj,Linkarf,Québec,N64,Yes
278,0zn9d7yn,279,http://www.speedrun.com/sm64/run/0zn9d7yn,,6566,6566,zx7dpyx7,Holahu,England,EMU,Yes
279,9mrxwgmq,280,http://www.speedrun.com/sm64/run/9mrxwgmq,,6567,6567,48gr9rpx,sicko,England,N64,No
280,zqev3jrz,281,http://www.speedrun.com/sm64/run/zqev3jrz,2023-01-18T07:48:34Z,6568,6568,1xyo90yj,Avijobat,Mexico,VC,Yes
281,me26j92m,281,http://www.speedrun.com/sm64/run/me26j92m,2025-05-24T17:40:48Z,6568,6568,joo3093j,ChiaraSM64,France,EMU,Yes
282,m3gl3pqz,283,http://www.speedrun.com/sm64/run/m3gl3pqz,2020-11-22T10:49:58Z,6572,6572,pj0ke0m8,SeanRaider,Canada,N64,Yes
283,zpg9oegz,283,http://www.speedrun.com/sm64/run/zpg9oegz,2023-02-02T16:30:40Z,6572,6572,e8evzg7x,gamiru,Japan,N64,Yes
284,pyd0r8wz,285,http://www.speedrun.com/sm64/run/pyd0r8wz,2015-07-08T11:25:04Z,6573,6573,kj9rv7j4,Washeyy,Australia,N64,No
285,zgej22ey,285,http://www.speedrun.com/sm64/run/zgej22ey,2023-07-31T23:45:07Z,6573,6573,8lpl934j,PegiTheLoca,Germany,EMU,Yes
286,7yl97lny,287,http://www.speedrun.com/sm64/run/7yl97lny,2014-12-24T07:11:47Z,6574,6574,18vo42xl,SimpleFlips,United States,N64,Yes
287,yj9g623z,287,http://www.speedrun.com/sm64/run/yj9g623z,2024-08-12T21:15:48Z,6574,6574,8e6qyddj,Salemba,Austria,N64,Yes
288,9mee5g0m,289,http://www.speedrun.com/sm64/run/9mee5g0m,2016-05-25T22:48:39Z,6575,6575,e8e9ze2j,ohaithereman,United States,N64,Yes
289,8y84qe1z,289,http://www.speedrun.com/sm64/run/8y84qe1z,2017-01-31T20:06:08Z,6575,6575,v8l732jm,Jolteon92,England,N64,Yes
290,y6qqgk6z,291,http://www.speedrun.com/sm64/run/y6qqgk6z,2023-12-19T16:23:59Z,6578,6578,e8ewrz78,ariapath,Australia,EMU,Yes
291,y9j0e0km,292,http://www.speedrun.com/sm64/run/y9j0e0km,2024-03-11T14:05:36Z,6579,6579,8l3ldyl8,jumpmanmatthew,United States,N64,Yes
292,zqw5e99z,293,http://www.speedrun.com/sm64/run/zqw5e99z,2020-08-07T13:18:01Z,6580,6580,qxk4q47j,Redd,United States,N64,Yes
293,pm3j4dz0,294,http://www.speedrun.com/sm64/run/pm3j4dz0,2023-09-27T00:22:15Z,6582,6582,,,,N64,No
294,y95nxnvz,294,http://www.speedrun.com/sm64/run/y95nxnvz,2019-08-07T00:39:50Z,6582,6582,98r2y03x,SoloQ,United States,EMU,Yes
295,y8q3d6dy,296,http://www.speedrun.com/sm64/run/y8q3d6dy,2017-04-05T17:12:43Z,6584,6584,y8dw0vgj,TylerSM74,Canada,N64,Yes
296,zp4o29nz,296,http://www.speedrun.com/sm64/run/zp4o29nz,2020-01-23T06:32:18Z,6584,6584,y8d4ng86,CarlosDaMan,United States,N64,Yes
297,y97gn22m,298,http://www.speedrun.com/sm64/run/y97gn22m,2018-03-23T12:38:56Z,6587,6587,,,,N64,Yes
298,ywn5pg9y,298,http://www.speedrun.com/sm64/run/ywn5pg9y,2024-01-15T02:14:14Z,6587,6587,48goorxp,RetroRuns,England,N64,Yes
299,zng2on9m,298,http://www.speedrun.com/sm64/run/zng2on9m,2025-07-24T23:54:49Z,6587,6587,7j4q7emx,eleesuh,Germany,N64,Yes
300,pydk5nxm,301,http://www.speedrun.com/sm64/run/pydk5nxm,2017-03-13T09:36:43Z,6589,6589,,,,N64,Yes
301,mrqoq88y,302,http://www.speedrun.com/sm64/run/mrqoq88y,2017-11-22T00:30:24Z,6592,6592,qjo26208,adaada,,N64,Yes
302,y2g54g5z,303,http://www.speedrun.com/sm64/run/y2g54g5z,2023-05-26T02:35:49Z,6594,6594,8qz4y5o8,JamesBod,Canada,N64,Yes
303,y9d2xokm,303,http://www.speedrun.com/sm64/run/y9d2xokm,2024-07-18T23:54:53Z,6594,6594,o86m9k0j,xerint,Canada,N64,Yes
304,y45wkxdm,305,http://www.speedrun.com/sm64/run/y45wkxdm,2017-07-01T07:16:48Z,6595,6595,e8e6k12j,kumasyatyou,Japan,N64,Yes
305,z03vnr8z,306,http://www.speedrun.com/sm64/run/z03vnr8z,2019-05-07T22:13:22Z,6596,6596,1xy06qnj,Squirr3I,United States,N64,Yes
306,zq12k31m,307,http://www.speedrun.com/sm64/run/zq12k31m,2021-06-22T23:59:38Z,6597,6597,dx307r6x,NicV,United States,N64,Yes
307,pzggnnez,308,http://www.speedrun.com/sm64/run/pzggnnez,2015-09-23T18:27:09Z,6598,6598,,,,N64,No
308,yvv85goy,308,http://www.speedrun.com/sm64/run/yvv85goy,2023-12-04T05:21:40Z,6598,6598,v81gypl8,realblopez,United States,N64,Yes
309,oy2w45yd,310,http://www.speedrun.com/sm64/run/oy2w45yd,,6599,6599,,,,N64,Yes
310,7z0q49m5,310,http://www.speedrun.com/sm64/run/7z0q49m5,2023-09-27T00:17:14Z,6599,6599,xz9k6ye8,Rorotto,Japan,N64,No
311,yl4xdgkm,310,http://www.speedrun.com/sm64/run/yl4xdgkm,2019-01-29T21:04:36Z,6599,6599,48gyr78p,theorylocked,Palestine,EMU,No
312,mrlql32m,310,http://www.speedrun.com/sm64/run/mrlql32m,2023-05-03T13:54:18Z,6599,6599,zxz1vorj,Karyno,France,N64,Yes
313,ywn6243y,310,http://www.speedrun.com/sm64/run/ywn6243y,2023-11-26T22:36:07Z,6599,6599,pj0322mj,Erthide,Québec,VC,Yes
314,m7g8de9m,315,http://www.speedrun.com/sm64/run/m7g8de9m,2020-05-11T00:15:34Z,6606,6606,qj26nnnx,Marteeny,Japan,N64,Yes
315,ylkox42z,316,http://www.speedrun.com/sm64/run/ylkox42z,2020-05-13T13:44:21Z,6608,6608,zx75q087,Vincertain,Québec,N64,Yes
316,yo4d1q0m,317,http://www.speedrun.com/sm64/run/yo4d1q0m,2017-11-21T04:55:14Z,6613,6613,18q3o2oj,dazrin_,Canada,N64,Yes
317,zgwvwj0y,318,http://www.speedrun.com/sm64/run/zgwvwj0y,2020-05-02T15:01:58Z,6618,6618,dx35qr2j,Jebuskiller,Australia,N64,Yes
318,m7nqqk4z,318,http://www.speedrun.com/sm64/run/m7nqqk4z,2024-03-02T00:20:07Z,6618,6618,x3w377ej,AbUnderscored,Jordan,EMU,Yes
319,yvnv224m,318,http://www.speedrun.com/sm64/run/yvnv224m,2025-02-20T21:03:01Z,6618,6618,y8dkzmgj,kmarket,Finland,EMU,Yes
320,znv4dp3m,321,http://www.speedrun.com/sm64/run/znv4dp3m,2023-05-13T08:17:05Z,6624,6624,j5v799w8,Naraknight,United States,N64,Yes
321,zqpj61xm,322,http://www.speedrun.com/sm64/run/zqpj61xm,2025-07-12T05:20:24Z,6633,6633,8l33gm28,EmiBella,United States,N64,Yes
322,yljw9oxm,323,http://www.speedrun.com/sm64/run/yljw9oxm,2025-08-28T02:34:45Z,6636,6636,81qn9n5j,turtlehippo,Canada,N64,Yes
323,zp8lnwvy,324,http://www.speedrun.com/sm64/run/zp8lnwvy,2021-08-17T09:27:15Z,6640,6640,18v2l4ej,Zombie2,Canada,EMU,Yes
324,y2jojd9z,325,http://www.speedrun.com/sm64/run/y2jojd9z,2023-04-13T07:05:59Z,6643,6643,jn37ppdx,cookincat,United States,EMU,Yes
325,z5lvrq5y,326,http://www.speedrun.com/sm64/run/z5lvrq5y,2025-01-23T23:10:31Z,6663,6663,jp6ed5k8,TNewm2215,United States,EMU,Yes
326,yjx27l7z,327,http://www.speedrun.com/sm64/run/yjx27l7z,2022-02-05T08:04:49Z,6664,6664,8w1wp94x,CheZach,Canada,N64,Yes
327,mk44vevy,328,http://www.speedrun.com/sm64/run/mk44vevy,2017-05-01T07:16:12Z,6668,6668,18vomvxl,Dublin,United States,N64,Yes
328,mego7o2y,328,http://www.speedrun.com/sm64/run/mego7o2y,2024-07-28T06:07:36Z,6668,6668,8w1rr94x,sanj,Canada,EMU,Yes
329,zq87xe1z,330,http://www.speedrun.com/sm64/run/zq87xe1z,2024-04-19T00:13:09Z,6669,6669,0jmn1vnx,Mennismonk,England,N64,Yes
330,z0pponey,331,http://www.speedrun.com/sm64/run/z0pponey,2022-05-29T20:10:24Z,6674,6674,0jmvr1yj,Lusion,United States,EMU,Yes
331,yv12dd4y,332,http://www.speedrun.com/sm64/run/yv12dd4y,2021-05-09T20:57:24Z,6675,6675,zxzn5q4x,RWBYSorry,England,EMU,Yes
332,y8qd0nwy,333,http://www.speedrun.com/sm64/run/y8qd0nwy,2017-08-23T14:46:09Z,6680,6680,qj2367xk,bounceyboy,United States,N64,Yes
333,y4049e3z,334,http://www.speedrun.com/sm64/run/y4049e3z,2026-02-01T02:25:02Z,6681,6681,xz0v26e8,TylerKwak,United States,N64,No
334,yvg2nnoy,335,http://www.speedrun.com/sm64/run/yvg2nnoy,2017-08-08T08:16:53Z,6686,6686,zx72o068,naji,Sri Lanka,N64,Yes
335,zqdnl98m,335,http://www.speedrun.com/sm64/run/zqdnl98m,2024-01-25T17:48:24Z,6686,6686,zx762vj7,Luco,United States,N64,Yes
336,zg9xdjnm,335,http://www.speedrun.com/sm64/run/zg9xdjnm,2025-11-03T05:51:58Z,6686,6686,1xyqnov8,unpushplay,United States,N64,Yes
337,m7770l4m,338,http://www.speedrun.com/sm64/run/m7770l4m,2021-09-02T16:58:38Z,6691,6691,86vwom0j,WaterproofTeabag_,Australia,N64,Yes
338,me0r200z,339,http://www.speedrun.com/sm64/run/me0r200z,2024-02-11T03:51:39Z,6706,6706,qjnp448m,Vorago,United Kingdom,N64,Yes
339,pyd9wrvz,340,http://www.speedrun.com/sm64/run/pyd9wrvz,2015-08-23T15:23:29Z,6707,6707,98rp3q6j,joeys64,Netherlands,VC,Yes
340,y8gp5vdz,341,http://www.speedrun.com/sm64/run/y8gp5vdz,2025-08-03T13:26:28Z,6708,6708,v81100p8,HomerOfSteel,France,EMU,Yes
341,z5pl3jnm,342,http://www.speedrun.com/sm64/run/z5pl3jnm,2023-07-30T10:48:47Z,6712,6712,8end5g78,SonicGordon6,United States,EMU,Yes
342,yvq528em,343,http://www.speedrun.com/sm64/run/yvq528em,2022-03-06T07:56:38Z,6713,6713,qjopvonx,ClairDSS,United States,VC,Yes
343,ywq1k82y,344,http://www.speedrun.com/sm64/run/ywq1k82y,2021-04-14T20:21:44Z,6715,6715,qjoddd3x,Hakasay,United States,N64,Yes
344,7z0vxeoy,345,http://www.speedrun.com/sm64/run/7z0vxeoy,2017-03-21T08:45:03Z,6716,6716,qj26mlxk,ClysmiC,,N64,Yes
345,ydl99rqz,346,http://www.speedrun.com/sm64/run/ydl99rqz,2024-08-07T13:56:43Z,6725,6725,8ek64w68,mAf1sss,Israel,EMU,Yes
346,9meg50y7,347,http://www.speedrun.com/sm64/run/9meg50y7,,6732,6732,o863r08z,Seanzy,United States,N64,No
347,z0nr589m,348,http://www.speedrun.com/sm64/run/z0nr589m,2023-01-12T21:55:16Z,6740,6740,jnz2ykqj,ShaDowSPoweR,France,EMU,Yes
348,z1lpj5gm,349,http://www.speedrun.com/sm64/run/z1lpj5gm,2023-06-25T18:24:34Z,6747,6747,8vo90m5x,Nicolascs83,Spain,N64,Yes
349,m73jgewy,350,http://www.speedrun.com/sm64/run/m73jgewy,2024-01-21T17:22:44Z,6750,6750,j92132o8,AlexKR64,England,N64,Yes
350,m7ogp00y,350,http://www.speedrun.com/sm64/run/m7ogp00y,2024-07-27T06:35:30Z,6750,6750,8rperewj,nahobox,Scotland,EMU,Yes
351,0y6ge1m7,352,http://www.speedrun.com/sm64/run/0y6ge1m7,,6757,6757,,,,VC,Yes
352,ylqn05kz,353,http://www.speedrun.com/sm64/run/ylqn05kz,2021-06-03T18:50:23Z,6758,6758,kj90nrj4,Kyrette,United States,VC,Yes
353,9yoxg0yx,354,http://www.speedrun.com/sm64/run/9yoxg0yx,,6760,6760,,,,N64,No
354,wzpx1rnm,355,http://www.speedrun.com/sm64/run/wzpx1rnm,2016-09-16T21:44:18Z,6765,6765,48g03yxp,wilzo,United Kingdom,N64,Yes
355,m3d8no6z,356,http://www.speedrun.com/sm64/run/m3d8no6z,2018-03-23T12:45:48Z,6766,6766,,,,N64,Yes
356,zng4p37m,357,http://www.speedrun.com/sm64/run/zng4p37m,2025-05-04T08:21:55Z,6767,6767,863d55q8,Tsuyo0112,Japan,N64,Yes
357,zxw7kl5m,358,http://www.speedrun.com/sm64/run/zxw7kl5m,2023-11-15T03:00:10Z,6770,6770,zx7gw1rx,Invisible_hole,United States,N64,Yes
358,mkr19olz,359,http://www.speedrun.com/sm64/run/mkr19olz,2026-01-04T23:26:26Z,6773,6773,jn9qe22x,Famin,United States,EMU,Yes
359,y8d8eowz,360,http://www.speedrun.com/sm64/run/y8d8eowz,2021-05-26T05:24:00Z,6776,6776,8ge9k0rj,ryompt,United States,EMU,Yes
360,zqqv7oxz,361,http://www.speedrun.com/sm64/run/zqqv7oxz,2024-08-19T07:16:47Z,6777,6777,jmor1yo8,hector,,N64,Yes
361,z110elwz,362,http://www.speedrun.com/sm64/run/z110elwz,2019-03-29T17:27:30Z,6778,6778,y8d4dk58,SomeBro,United States,EMU,Yes
362,mrqw484y,363,http://www.speedrun.com/sm64/run/mrqw484y,2018-03-23T12:44:16Z,6780,6780,7j4qr2mx,marshmallow.,Japan,N64,Yes
363,mkwj7gxm,363,http://www.speedrun.com/sm64/run/mkwj7gxm,2025-09-13T00:44:06Z,6780,6780,7j4rz5m8,TheBarinade,Australia,N64,Yes
364,zg6x370m,365,http://www.speedrun.com/sm64/run/zg6x370m,2025-05-28T18:49:23Z,6781,6781,qjn5rg1j,Leupho,France,N64,Yes
365,y9nqw1kz,366,http://www.speedrun.com/sm64/run/y9nqw1kz,2021-04-01T08:34:31Z,6790,6790,zxzzzrxq,Moose,United States,N64,Yes
366,ywrkn90m,367,http://www.speedrun.com/sm64/run/ywrkn90m,2023-06-17T13:10:34Z,6791,6791,48g7gd18,jepega,Netherlands,N64,Yes
367,zgo958nm,367,http://www.speedrun.com/sm64/run/zgo958nm,2024-10-30T01:50:20Z,6791,6791,o863zoq8,pvps,United States,N64,Yes
368,y4gvkeny,369,http://www.speedrun.com/sm64/run/y4gvkeny,2023-04-01T10:58:28Z,6798,6798,pj0eny48,scoagogo,Northern Ireland,EMU,Yes
369,y4keq4dm,370,http://www.speedrun.com/sm64/run/y4keq4dm,2023-10-10T07:36:01Z,6799,6799,v8l0ogl8,Galaxtic,Sweden,EMU,Yes
370,0y6l5x0y,371,http://www.speedrun.com/sm64/run/0y6l5x0y,2015-03-23T04:38:39Z,6804,6804,y8dgeo86,mitcho,Australia,N64,Yes
371,pm3qd2dy,372,http://www.speedrun.com/sm64/run/pm3qd2dy,2016-06-01T03:23:55Z,6805,6805,qjn9dwxm,360Chrism,Germany,VC,No
372,yl69o0xy,373,http://www.speedrun.com/sm64/run/yl69o0xy,2023-05-01T07:01:13Z,6808,6808,8g5egl1j,Rayydex,Germany,EMU,Yes
373,nz13vprm,374,http://www.speedrun.com/sm64/run/nz13vprm,2015-01-16T04:10:32Z,6811,6811,0jmpgoj1,Audraxys,Canada,VC,Yes
374,pydlxvzn,375,http://www.speedrun.com/sm64/run/pydlxvzn,,6817,6817,8l00pll8,Gombill,United States,N64,Yes
375,pzgj4ez2,376,http://www.speedrun.com/sm64/run/pzgj4ez2,,6818,6818,v8lgq7jm,datimeloss,Canada,EMU,Yes
376,zxjr47ky,376,http://www.speedrun.com/sm64/run/zxjr47ky,2025-04-01T02:11:08Z,6818,6818,zxzqrw4x,cdragoneer,United States,N64,Yes
377,zqq6n9xz,378,http://www.speedrun.com/sm64/run/zqq6n9xz,2024-07-15T20:56:07Z,6820,6820,8vo9o92x,Carlos64,Spain,EMU,Yes
378,m3705x6z,379,http://www.speedrun.com/sm64/run/m3705x6z,2021-10-09T03:20:45Z,6826,6826,8gr1ld7x,kdogk,United States,EMU,Yes
379,9yolve0y,380,http://www.speedrun.com/sm64/run/9yolve0y,2016-04-21T13:32:55Z,6827,6827,18vyq58l,Haru様,Germany,N64,Yes
380,kz52wk5z,381,http://www.speedrun.com/sm64/run/kz52wk5z,2016-02-29T23:11:10Z,6828,6828,o864qpjz,JazzyChoi1991,England,N64,Yes
381,z07g06ey,381,http://www.speedrun.com/sm64/run/z07g06ey,2021-11-22T17:14:53Z,6828,6828,8gee7n7j,LxqZach,Germany,N64,Yes
382,ydv57xxy,381,http://www.speedrun.com/sm64/run/ydv57xxy,2024-12-29T23:51:46Z,6828,6828,8l05yv48,zGamuT,United States,EMU,Yes
383,z56wx8ny,381,http://www.speedrun.com/sm64/run/z56wx8ny,2026-01-18T11:16:30Z,6828,6828,8dw9eqmj,Logaaaaan64,Australia,N64,Yes
384,y6vp241m,385,http://www.speedrun.com/sm64/run/y6vp241m,2024-02-26T23:37:21Z,6831,6831,8eeeov68,kronkerlife,Norway,EMU,Yes
385,m3j1e4gz,386,http://www.speedrun.com/sm64/run/m3j1e4gz,2024-07-26T16:45:17Z,6834,6834,j4q7oqwx,Freelatas,Spain,EMU,Yes
386,mkg97kvy,387,http://www.speedrun.com/sm64/run/mkg97kvy,2021-04-18T17:29:24Z,6837,6837,98rv2rdj,Perna64,United States,N64,Yes
387,zxw15k8m,387,http://www.speedrun.com/sm64/run/zxw15k8m,2024-02-05T03:18:16Z,6837,6837,y8dwq59j,zg53,United States,N64,Yes
388,mrvv6lgz,389,http://www.speedrun.com/sm64/run/mrvv6lgz,2024-05-14T23:54:36Z,6843,6843,xkoo67k8,RisingPhoenix64,Slovakia,EMU,Yes
389,zn9evply,390,http://www.speedrun.com/sm64/run/zn9evply,2025-02-22T12:22:25Z,6848,6848,qxkpnmj0,Niniste,France,EMU,Yes
390,9mr9orgm,391,http://www.speedrun.com/sm64/run/9mr9orgm,2015-07-17T15:38:19Z,6849,6849,zx73kqj7,Skaredogged97,Switzerland,EMU,Yes
391,yj7r08ny,392,http://www.speedrun.com/sm64/run/yj7r08ny,2026-01-31T18:39:22Z,6854,6854,qj25l5pj,tjk,,N64,Yes
392,8m7o44y0,393,http://www.speedrun.com/sm64/run/8m7o44y0,,6859,6859,,,,N64,No
393,y2g2ke6z,394,http://www.speedrun.com/sm64/run/y2g2ke6z,2023-07-22T16:28:34Z,6860,6860,86vp263j,OdieB,Canada,N64,Yes
394,y23pej7m,395,http://www.speedrun.com/sm64/run/y23pej7m,2017-10-23T03:43:21Z,6862,6862,qjooqd0j,SmashBrawler64,United States,N64,Yes
395,yv2ejw8m,396,http://www.speedrun.com/sm64/run/yv2ejw8m,2021-03-25T20:25:09Z,6868,6868,7j420lwx,Progji,Germany,N64,Yes
396,yodj5r0m,397,http://www.speedrun.com/sm64/run/yodj5r0m,2022-08-11T12:37:22Z,6872,6872,x353emej,Bernhard,Germany,N64,Yes
397,8yvxdozo,398,http://www.speedrun.com/sm64/run/8yvxdozo,,6875,6875,,,,N64,No
398,z0q96d4m,399,http://www.speedrun.com/sm64/run/z0q96d4m,2024-08-02T04:26:27Z,6876,6876,j067dn4j,mamamiamoto,United States,N64,Yes
399,zpw90pvy,400,http://www.speedrun.com/sm64/run/zpw90pvy,2023-06-25T15:33:46Z,6878,6878,8rpq26dj,Midbro_,United States,VC,Yes
400,yd2j18qm,401,http://www.speedrun.com/sm64/run/yd2j18qm,2023-12-10T02:41:23Z,6881,6881,o86z710x,zekeSSB,United States,N64,Yes
401,mk09q13z,402,http://www.speedrun.com/sm64/run/mk09q13z,2023-05-10T14:45:05Z,6882,6882,o86owz08,D3m0nf4ng,Germany,EMU,Yes
402,1zxxrezx,403,http://www.speedrun.com/sm64/run/1zxxrezx,,6886,6886,,,,N64,Yes
403,znxrorvy,403,http://www.speedrun.com/sm64/run/znxrorvy,2024-07-22T19:50:22Z,6886,6886,8w1wng4x,moltres93,United States,N64,Yes
404,yvon9e4z,405,http://www.speedrun.com/sm64/run/yvon9e4z,2021-10-21T16:51:42Z,6891,6891,7j4mzd5j,Thomkar,Norway,EMU,Yes
405,9melnl2z,406,http://www.speedrun.com/sm64/run/9melnl2z,2016-06-25T14:46:42Z,6896,6896,,,,VC,Yes
406,y6v5j06m,407,http://www.speedrun.com/sm64/run/y6v5j06m,2024-03-11T15:36:33Z,6899,6899,8r2qg93x,boomeraang,,N64,Yes
407,9yod935m,408,http://www.speedrun.com/sm64/run/9yod935m,2016-03-20T18:53:06Z,6900,6900,,,,N64,No
408,zq6ogg8y,408,http://www.speedrun.com/sm64/run/zq6ogg8y,2018-04-06T20:15:52Z,6900,6900,qjnzw04j,disrespectless,Germany,N64,Yes
409,zqdq805m,410,http://www.speedrun.com/sm64/run/zqdq805m,2023-12-31T09:48:17Z,6902,6902,1xy9r4yj,Mapiz,Italy,EMU,Yes
410,me1rrn0y,411,http://www.speedrun.com/sm64/run/me1rrn0y,2022-11-26T10:44:08Z,6906,6906,jo35yn7j,Luisito,Mexico,VC,Yes
411,y2gxx47z,411,http://www.speedrun.com/sm64/run/y2gxx47z,2023-06-10T02:59:53Z,6906,6906,pj0z4m98,Expreli,United States,VC,Yes
412,9yoq10zx,413,http://www.speedrun.com/sm64/run/9yoq10zx,,6908,6908,,,,EMU,No
413,z5807odz,414,http://www.speedrun.com/sm64/run/z5807odz,2024-03-19T22:25:57Z,6910,6910,8wl1094j,CAKEbetty,United States,VC,No
414,zxx2jvqz,415,http://www.speedrun.com/sm64/run/zxx2jvqz,2024-07-30T04:40:03Z,6914,6914,xyovd1nj,Henoty,France,EMU,Yes
415,zx082vgz,416,http://www.speedrun.com/sm64/run/zx082vgz,2025-06-30T15:08:04Z,6915,6915,v8lyv4jm,MarvJungs,Germany,EMU,Yes
416,8m7er4z0,417,http://www.speedrun.com/sm64/run/8m7er4z0,,6919,6919,qjoyg3x6,Lluuccuuss,England,N64,Yes
417,yojp320m,418,http://www.speedrun.com/sm64/run/yojp320m,2019-09-29T20:29:29Z,6924,6924,qxkm4m6j,Galax,Switzerland,EMU,Yes
418,m7oxnl0y,418,http://www.speedrun.com/sm64/run/m7oxnl0y,2024-09-06T01:25:48Z,6924,6924,jnp1zz18,Flareon1693,Austria,VC,Yes
419,z08kn94m,420,http://www.speedrun.com/sm64/run/z08kn94m,2025-03-23T05:25:29Z,6926,6926,8looznr8,highfructoseCS,Canada,EMU,Yes
420,znggxj8m,421,http://www.speedrun.com/sm64/run/znggxj8m,2025-08-13T21:01:57Z,6930,6930,81qw4wpj,jpufry,United States,N64,Yes
421,8y8p7dz1,422,http://www.speedrun.com/sm64/run/8y8p7dz1,,6934,6934,kjpk4kxq,moodehh,United Kingdom,N64,No
422,pm3jpdz0,423,http://www.speedrun.com/sm64/run/pm3jpdz0,,6938,6938,v8lez14x,TheDarkmanWs,Sweden,N64,No
423,z5w62qdz,424,http://www.speedrun.com/sm64/run/z5w62qdz,2025-08-18T06:01:09Z,6940,6940,8lp3k07j,ItsMalex,Italy,EMU,Yes
424,m3230pwy,424,http://www.speedrun.com/sm64/run/m3230pwy,2025-12-01T04:00:16Z,6940,6940,j0w19ym8,DeadGuyDrives,United States,N64,Yes
425,z16evv7m,426,http://www.speedrun.com/sm64/run/z16evv7m,2025-09-08T01:13:12Z,6942,6942,j5q6q5gj,Twig64,United States,EMU,Yes
426,dy4ld3zl,427,http://www.speedrun.com/sm64/run/dy4ld3zl,,6946,6946,o866w58z,Xiah,Japan,N64,No
427,z06nw7jz,428,http://www.speedrun.com/sm64/run/z06nw7jz,2021-02-23T13:38:40Z,6947,6947,qjn2mw1j,Toadfan5,United States,N64,Yes
428,zqp77xrm,429,http://www.speedrun.com/sm64/run/zqp77xrm,2025-06-26T01:57:38Z,6951,6951,98r6vmg8,Nintendude64,United States,VC,Yes
429,y6jkxj0m,430,http://www.speedrun.com/sm64/run/y6jkxj0m,2025-09-14T16:57:09Z,6955,6955,x7qoekq8,lostinspeedruns,Italy,EMU,Yes
430,zx7871gy,431,http://www.speedrun.com/sm64/run/zx7871gy,2022-06-04T05:36:20Z,6958,6958,qxkovr28,zach,United States,N64,Yes
431,zq63vjry,432,http://www.speedrun.com/sm64/run/zq63vjry,2017-05-18T18:53:26Z,6960,6960,pj0pe9xw,goodtime07,United States,N64,No
432,zxx9r68z,432,http://www.speedrun.com/sm64/run/zxx9r68z,2024-07-10T20:10:29Z,6960,6960,jo3w720j,JumboJolt,Antarctica,EMU,Yes
433,zg98jvjm,434,http://www.speedrun.com/sm64/run/zg98jvjm,2025-12-28T11:55:25Z,6966,6966,j2yqgyo8,BLJugglerr,England,N64,Yes
434,zpp44jvz,435,http://www.speedrun.com/sm64/run/zpp44jvz,2023-09-25T04:07:44Z,6969,6969,j03np23j,w0nderbean,United States,N64,Yes
435,y8w0kp5y,435,http://www.speedrun.com/sm64/run/y8w0kp5y,2024-04-28T23:59:20Z,6969,6969,8vk60z5j,Falling_Tacos,United States,N64,Yes
436,zp9o6ovm,437,http://www.speedrun.com/sm64/run/zp9o6ovm,2022-07-07T23:02:00Z,6975,6975,jprppv28,SodiumChlorideIC,Austria,EMU,Yes
437,m3rr866m,438,http://www.speedrun.com/sm64/run/m3rr866m,2021-05-14T04:27:40Z,6977,6977,8l0oq578,fireblazethem,United States,EMU,Yes
438,y4nx4dkm,438,http://www.speedrun.com/sm64/run/y4nx4dkm,2025-07-05T05:46:51Z,6977,6977,v8lld2l8,serpals,Nepal,EMU,Yes
439,znk2ld9z,440,http://www.speedrun.com/sm64/run/znk2ld9z,2020-07-15T00:42:46Z,6980,6980,dx3wpl2j,MrJimmysteel25,United States,N64,Yes
440,y868g31m,441,http://www.speedrun.com/sm64/run/y868g31m,2023-06-28T20:20:12Z,6985,6985,qj22wwpj,HappyZpanners,Norway,N64,Yes
441,8yv61kez,442,http://www.speedrun.com/sm64/run/8yv61kez,2015-05-19T20:46:42Z,6986,6986,0jm6gn81,race_out,Canada,N64,Yes
442,yjg639oy,443,http://www.speedrun.com/sm64/run/yjg639oy,2021-05-01T18:47:01Z,6987,6987,8rp1w6dj,zubat05,Ecuador,EMU,Yes
443,jy9p4em4,444,http://www.speedrun.com/sm64/run/jy9p4em4,,6990,6990,zx7w5y87,Blasant,Germany,EMU,Yes
444,me3now8z,445,http://www.speedrun.com/sm64/run/me3now8z,2022-07-01T12:54:37Z,6992,6992,qj2q6doj,JuiceACD,United States,EMU,Yes
445,m7vq4gwm,446,http://www.speedrun.com/sm64/run/m7vq4gwm,2025-10-17T11:41:42Z,6994,6994,j52mydgj,txsomb,United States,N64,Yes
446,z08v5rom,447,http://www.speedrun.com/sm64/run/z08v5rom,2025-04-14T09:45:46Z,6995,6995,8r3rzrq8,PARS1K,Germany,EMU,Yes
447,zn15ko9m,448,http://www.speedrun.com/sm64/run/zn15ko9m,2021-07-01T02:25:33Z,6996,6996,68w672qj,drimys,United States,N64,Yes
448,mk1g875y,449,http://www.speedrun.com/sm64/run/mk1g875y,2024-08-12T19:58:29Z,7013,7013,dx3w7r7j,KingJO444,Canada,EMU,Yes
449,me09920z,450,http://www.speedrun.com/sm64/run/me09920z,2023-10-16T00:03:35Z,7025,7025,zx71oy0x,FGSM,Scotland,EMU,Yes
450,y6o35k6y,451,http://www.speedrun.com/sm64/run/y6o35k6y,2022-11-27T05:05:48Z,7026,7026,j0324nmj,MrDasho,Ecuador,EMU,Yes
451,7z0j8noy,452,http://www.speedrun.com/sm64/run/7z0j8noy,2016-06-25T12:27:27Z,7029,7029,o86nn7qx,dj0nk,United States,EMU,Yes
452,yjq9x6nm,453,http://www.speedrun.com/sm64/run/yjq9x6nm,2025-07-31T00:22:29Z,7030,7030,x7qqopy8,Kudo,France,N64,Yes
453,y8q9n6ny,454,http://www.speedrun.com/sm64/run/y8q9n6ny,2017-05-28T14:25:44Z,7036,7036,7j4975w8,mashSRL,Germany,N64,Yes
454,mk14l9ly,454,http://www.speedrun.com/sm64/run/mk14l9ly,2024-07-11T07:18:02Z,7036,7036,x72zygq8,Avasion,United States,N64,Yes
455,emkojxz6,456,http://www.speedrun.com/sm64/run/emkojxz6,,7039,7039,e8el6oj0,esi,United States,EMU,No
456,yldx3wkm,457,http://www.speedrun.com/sm64/run/yldx3wkm,2024-05-18T13:25:19Z,7041,7041,18v3pdyx,Sailo,Germany,VC,Yes
457,2ywx93m4,458,http://www.speedrun.com/sm64/run/2ywx93m4,,7047,7047,,,,N64,No
458,mrl4jx8m,458,http://www.speedrun.com/sm64/run/mrl4jx8m,2023-06-02T01:25:46Z,7047,7047,qjn3my2x,Darkman_,France,EMU,Yes
459,y8k4k25y,460,http://www.speedrun.com/sm64/run/y8k4k25y,2024-01-29T02:48:30Z,7048,7048,8q3lvp7j,Nagol64m,United States,EMU,Yes
460,yo0n427y,461,http://www.speedrun.com/sm64/run/yo0n427y,2024-05-01T18:58:09Z,7051,7051,j2y2wmn8,Keldon,United States,EMU,Yes
461,yj7465oy,461,http://www.speedrun.com/sm64/run/yj7465oy,2025-10-05T19:07:07Z,7051,7051,j2q3k47j,Altaria26,United Kingdom,EMU,Yes
462,zx3x0nqz,463,http://www.speedrun.com/sm64/run/zx3x0nqz,2023-07-28T05:10:04Z,7053,7053,y8d95gox,Edgar3EEE,United States,N64,Yes
463,zgejw7dy,464,http://www.speedrun.com/sm64/run/zgejw7dy,2023-07-30T03:44:38Z,7054,7054,kjp9nvk8,fazerlazer80,United States,N64,Yes
464,pzgo5em2,465,http://www.speedrun.com/sm64/run/pzgo5em2,,7056,7056,,,,N64,Yes
465,y6xwxlpy,466,http://www.speedrun.com/sm64/run/y6xwxlpy,2022-11-04T03:16:48Z,7057,7057,8v6rq1vx,ti_83,United States,N64,Yes
466,kz5ro15y,467,http://www.speedrun.com/sm64/run/kz5ro15y,2015-09-23T18:46:55Z,7063,7063,zx7vky6x,Hafus,United States,N64,Yes
467,z0op6g8z,467,http://www.speedrun.com/sm64/run/z0op6g8z,2022-01-20T01:54:42Z,7063,7063,8e6nykoj,DTunester,United States,EMU,Yes
468,y8p1q65z,467,http://www.speedrun.com/sm64/run/y8p1q65z,2024-07-21T22:04:53Z,7063,7063,xz74z9rj,moabmauler,United States,N64,Yes
469,9megq0y7,470,http://www.speedrun.com/sm64/run/9megq0y7,,7066,7066,,,,N64,Yes
470,yjoo7pnz,471,http://www.speedrun.com/sm64/run/yjoo7pnz,2024-05-17T02:10:36Z,7067,7067,814de1p8,J2JordanTyler,United States,N64,Yes
471,m3o3ljgm,472,http://www.speedrun.com/sm64/run/m3o3ljgm,2018-10-26T07:21:06Z,7069,7069,zx72k4r8,Yoshi_Zilla,United States,VC,Yes
472,zpg1l6xz,473,http://www.speedrun.com/sm64/run/zpg1l6xz,2023-01-13T04:19:05Z,7071,7071,v815l1lj,Derek,United States,EMU,Yes
473,m3vrpe6z,474,http://www.speedrun.com/sm64/run/m3vrpe6z,2025-06-11T06:33:58Z,7073,7073,18veed2j,Castle,Canada,VC,Yes
474,zn3jpg9y,475,http://www.speedrun.com/sm64/run/zn3jpg9y,2020-11-22T09:57:01Z,7076,7076,dx35v6ej,MrMeanMoustache,Netherlands,N64,Yes
475,yodvpojm,476,http://www.speedrun.com/sm64/run/yodvpojm,2022-07-30T09:10:46Z,7077,7077,5j5gwr68,Speedrun,United States,EMU,Yes
476,y88k10wy,477,http://www.speedrun.com/sm64/run/y88k10wy,2022-06-18T07:41:26Z,7079,7079,18q652oj,Poke,United States,EMU,Yes
477,zggg7vdz,478,http://www.speedrun.com/sm64/run/zggg7vdz,2021-05-10T14:49:48Z,7083,7083,kjp4g4jq,Talon2461,England,VC,Yes
478,zg2206vy,479,http://www.speedrun.com/sm64/run/zg2206vy,2023-02-14T20:46:07Z,7084,7084,p18vz2jl,Illudude,Sweden,N64,Yes
479,zp608o8m,479,http://www.speedrun.com/sm64/run/zp608o8m,2024-02-25T18:11:30Z,7084,7084,xyovdowj,Drainsow,Germany,EMU,Yes
480,me204p0m,479,http://www.speedrun.com/sm64/run/me204p0m,2025-07-19T23:19:23Z,7084,7084,86vwk03j,Super_Dejan,Montenegro,N64,Yes
481,y6vd20qm,482,http://www.speedrun.com/sm64/run/y6vd20qm,2024-03-28T19:45:45Z,7086,7086,8l4vq1lj,Step735,Italy,EMU,Yes
482,oy2wl5yd,483,http://www.speedrun.com/sm64/run/oy2wl5yd,,7092,7092,v81q7ljp,Snowman,United States,N64,Yes
483,y4n4lrkm,483,http://www.speedrun.com/sm64/run/y4n4lrkm,2025-08-31T17:48:58Z,7092,7092,dx3e5k7j,wRadion,France,N64,Yes
484,ydror7jz,485,http://www.speedrun.com/sm64/run/ydror7jz,2021-07-01T21:30:53Z,7093,7093,qxknvr7x,Marshall,Marshall Islands,N64,Yes
485,m7l8n39y,486,http://www.speedrun.com/sm64/run/m7l8n39y,2025-06-02T03:01:09Z,7094,7094,8r7ewpwj,Skeltan,France,EMU,Yes
486,ywre3n9m,487,http://www.speedrun.com/sm64/run/ywre3n9m,2023-04-26T05:14:02Z,7097,7097,8qrldp7j,Amahumahaba,United States,N64,Yes
487,yj91wgoz,487,http://www.speedrun.com/sm64/run/yj91wgoz,2024-08-09T09:09:31Z,7097,7097,81q1oq5j,Ian_1243,Peru,EMU,Yes
488,9yoxw0yx,489,http://www.speedrun.com/sm64/run/9yoxw0yx,,7098,7098,qj26qnxk,caivs,United States,N64,Yes
489,wzpxjxmq,490,http://www.speedrun.com/sm64/run/wzpxjxmq,,7099,7099,qj26pqnx,NyZ,Japan,N64,No
490,mrx190dm,491,http://www.speedrun.com/sm64/run/mrx190dm,2024-08-12T21:57:30Z,7100,7100,8g0yzd1x,kelsmont,,N64,Yes
491,z1l2dr9m,492,http://www.speedrun.com/sm64/run/z1l2dr9m,2023-06-19T17:04:46Z,7101,7101,j92d9do8,Nikkeri,Finland,EMU,Yes
492,mee7k02m,493,http://www.speedrun.com/sm64/run/mee7k02m,2023-01-11T23:31:26Z,7102,7102,48gmdo78,JaVillain,United States,N64,Yes
493,y8g152nz,494,http://www.speedrun.com/sm64/run/y8g152nz,2025-05-15T02:12:03Z,7105,7105,xy5k45v8,gaygirlxtraordinaire,Scotland,VC,Yes
494,y6d8qjqm,495,http://www.speedrun.com/sm64/run/y6d8qjqm,2021-07-03T05:01:39Z,7106,7106,pj0v90mx,adelyn,United States,N64,Yes
495,mr09838m,496,http://www.speedrun.com/sm64/run/mr09838m,2024-12-30T23:22:54Z,7107,7107,18vk3zej,7hornet,Germany,N64,Yes
496,znxw0pvy,497,http://www.speedrun.com/sm64/run/znxw0pvy,2024-07-07T19:37:29Z,7110,7110,xyovelwj,LiamPlayZelda,United States,VC,No
497,y8joq2xz,498,http://www.speedrun.com/sm64/run/y8joq2xz,2022-02-22T03:06:38Z,7111,7111,86vm37pj,sevenyoshi,United States,N64,Yes
498,oy2nn9yd,499,http://www.speedrun.com/sm64/run/oy2nn9yd,,7113,7113,zx7qg687,ParadoxKarl,Esperanto,VC,No
499,mke55wlm,500,http://www.speedrun.com/sm64/run/mke55wlm,2022-01-11T03:53:25Z,7116,7116,qjod06nx,BlueX2,Germany,EMU,Yes
500,yljg2q3m,500,http://www.speedrun.com/sm64/run/yljg2q3m,2025-09-17T09:39:33Z,7116,7116,pj0rd9mj,Gemini_,Australia,N64,Yes
